German,English
ich,I
sie,she
das,the
ist,is
du,you
nicht,not
die,the
es,it
und,and
der,the
wir,we
was,What
zu,to
er,he
ein,a
in,in
ja,Yes
mir,me
mit,with
wie,How
den,the
mich,me
auf,on
dass,that
aber,but
eine,one
so,so
hat,has
hier,here
haben,have
für,for
sind,are
war,was
von,from
wenn,if
dich,you
ihr,her
nein,no
habe,have
an,at
bin,am
noch,still
nur,only
da,there
dir,you
sich,itself
einen,a
uns,us
hast,have
dem,dem
kann,can
gut,good
auch,also
schon,already
als,as
sein,be
mal,just
jetzt,now
ihn,him
dann,then
aus,out of
meine,mine
um,around
im,in the
wird,becomes
mein,my
bist,are
doch,but
alles,everything
weiß,white
keine,no
oder,or
nach,after
s,S
nichts,nothing
man,man
muss,must
werden,become
will,want
ihnen,them
geht,goes
wo,where
etwas,something
mehr,more
bei,at
also,so
bitte,please
immer,always
hab,have
warum,Why
vor,before
los,Come on
können,can
wieder,again
sagen,say
machen,make
danke,Thanks
sehr,very
alle,all
denn,because
mann,man
tun,do
ihm,him
zum,for the
gehen,go
sehen,see
vielleicht,perhaps
einem,a
wer,who
ihre,her
diese,this
euch,you
einer,one
komm,come
über,above
gibt,gives
okay,OK
wissen,knowledge
deine,your
müssen,must
soll,should
werde,become
nie,never
wirklich,really
hey,hey
kein,no
viel,much
weg,away
würde,would
tut,does
am,at the
des,of
einfach,simply
leben,life
hatte,had
zeit,time
weil,because
willst,want
kommen,come
dein,your
heute,today
kommt,comes
wollen,want
damit,with it
ganz,quite
wäre,were
wollte,wanted
weißt,white
ok,OK
sicher,secure
gesagt,said
frau,woman
nun,so
bis,until
wurde,became
leid,sorrow
na,n/a
kannst,can
macht,might
dieser,this
zurück,back
lassen,let
hallo,Hello
meinen,mean
gott,God
seine,his
hätte,would have
zwei,two
könnte,could
genau,Exactly
waren,were
zur,to
lass,let
klar,clear
morgen,morning
leute,people
vater,father
schön,nice
glaube,believe
mr.,mr.
ab,away
gerade,straight
tag,Day
gesehen,seen
reden,talk
wohl,probably
liebe,love
sollte,should
sagte,said
unsere,our
jemand,someone
geld,money
durch,through
ob,if
keinen,no
mutter,mother
raus,out
gemacht,made
paar,couple
mach,make
passiert,happened
dachte,thought
besser,better
musst,must
wieso,how come
sir,sir
dieses,this
selbst,himself
gehört,heard
möchte,want
ohne,without
hör,listening
her,from
sag,say
meiner,mine
anderen,others
helfen,help
nacht,night
finden,find
diesen,this
gute,good
wirst,become
lange,long
natürlich,naturally
ach,Oh
meinem,my
gar,even
ins,into the
sei,be
dort,there
weiter,further
geben,give
seit,since
gleich,even
sagt,says
recht,right
ihren,your
richtig,correct
ordnung,order
vom,from the
hören,hear
sieht,sees
davon,of that
dafür,for that
geh,walk
diesem,this
wegen,because of
hause,home
sollten,should
mädchen,girl
hin,there
sollen,should
abend,evening
haus,a house
denke,think
viele,many
drei,three
deinen,yours
freund,friend
guten,good
unser,our
warte,wait
machst,do
menschen,people
essen,eat
angst,fear
bleiben,remain
zusammen,together
welt,world
unter,under
habt,have
schnell,fast
andere,other
tot,dead
getan,did
darf,may
erst,first
rein,pure
stimmt,true
nehmen,take
kinder,children
eines,one
glauben,believe
bringen,bring
ganze,whole
genug,enough
scheiße,Fuck
brauchen,need
gegen,against
moment,moment
junge,boy
steht,stands
sonst,otherwise
musik,music
arbeit,work
seid,are
ihrer,of their
fragen,questions
herr,Mr
dabei,included
heißt,is called
familie,family
warten,wait
niemand,no one
sofort,immediately
bevor,before
jahre,years
einmal,once
problem,problem
sohn,son
wann,When
brauche,need
fertig,complete
halt,stop
allein,alone
beim,at the
sprechen,speak
beide,both
gefunden,found
hatten,had
sache,matter
hilfe,help
verdammt,damned
ne,ne
jeder,everyone
warst,beings
gern,gladly
konnte,could
darüber,about it
halten,hold
siehst,see
verstehe,understand
jahren,years
kam,came
kind,child
wusste,knew
wahr,true
seinen,his
dazu,in addition
bruder,brother
daran,to it
ihrem,hers
denken,think
könnten,might
dank,thanks to
würden,would
lieber,Dear
fall,case
deiner,yours
sehe,see
egal,doesn't matter
kennen,know
deinem,yours
vergessen,forget
frage,ask
mache,make
komme,come
sage,legend
mag,like
sieh,see
echt,Really
gib,give
eigentlich,actually
jeden,every
dad,dad
gab,gave
uhr,clock
stadt,city
männer,men
baby,infant
fahren,drive
namen,names
bekommen,receive
kopf,head
hi,Hi
gehe,go
kleine,small
später,later
glück,happiness
letzte,last
freunde,friends
n,n
all,Alles
darauf,on it
ende,end
dr.,Dr.
bald,soon
töten,kill
dinge,things
meinst,mean
toll,Great
eins,one
minuten,minute
vielen,many
bereit,ready
weit,far
ahnung,idea
seiner,his
bisschen,a little
tür,door
auto,automobile
jungs,guys
eure,your
augen,eyes
polizei,police
stehen,stand
sterben,die
hätten,have
draußen,outside
kenne,know
fast,nearly
runter,down
vorbei,over
treffen,meet
gerne,gladly
dran,your turn
wurden,became
arbeiten,work
mom,mom
verrückt,crazy
neue,new
ging,went
hinter,behind
sorgen,care for
einzige,only
jemanden,someone
darum,therefore
tochter,daughter
braucht,needs
idee,idea
schwester,sister
drin,in it
ruhig,quiet
sah,saw
ganzen,entire
spät,late
ziemlich,quite
solltest,should
name,Surname
sogar,even
kurz,short
kerl,Guy
frauen,women
liegt,lies
suchen,seek
finde,find
je,ever
woher,from where
lang,long
job,job
keiner,none
seinem,his
hört,hear
verstehen,understand
spielen,play
s.,s.
überhaupt,at all
teufel,devil
verstanden,understood
verloren,lost
große,size
hand,hand
grund,reason
jahr,year
kommst,come
mama,mummy
ruhe,quiet
gewesen,been
tod,death
stunden,hours
hoffe,hope
denkst,thinking
oben,above
gestern,yesterday
versuchen,attempt
art,kind
letzten,last
schatz,treasure
endlich,finally
he,hey
nimm,take
etwa,approximately
erzählt,told
läuft,running
schwer,difficult
anders,different
miss,miss
musste,had to
fünf,five
wasser,water
lässt,leaves
erste,first
versucht,tried
gekommen,came
geschichte,story
wenig,few
holen,fetch
bedeutet,means
nett,kind
wahrheit,truth
woche,week
bringt,brings
deshalb,for this reason
welche,which
bestimmt,certainly
hoch,high
alter,age
sagst,say
schau,look
ah,uh
land,country
zimmer,room
wagen,dare
vier,four
gefallen,fallen
spaß,fun
niemals,never
schuld,fault
getötet,killed
wollten,wanted to
verlassen,leave
zeigen,show
beste,best
ernst,serious
unserer,ours
denen,whom
ort,location
bleibt,remains
würdest,would
manchmal,sometimes
glaubst,believe
seite,page
lasst,leaves
zwischen,between
eben,even
während,while
spiel,game
nehme,take
ersten,first
guter,goods
chance,chance
freundin,girlfriend
krieg,war
gefällt,pleases
kleinen,small
erzählen,tell
anderes,other
tage,days
entschuldigen,excuse
wichtig,important
gehst,walking
allen,all
bett,bed
mrs.,Mrs.
sachen,things
the,the
schlecht,bad
schule,school
entschuldigung,excuse
wort,word
john,John
hättest,would have
wären,be
typ,Type
schlafen,sleep
äh,uh
tu,tu
euer,your
captain,captain
gesicht,face
falls,if
neuen,new
bloß,just
unten,below
teil,part
beiden,both
mensch,person
kleiner,smaller
stellen,place
oft,often
sorge,worries
gedacht,thought
tust,tust
trinken,drink
einige,some
dies,this
ding,thing
unseren,ours
kriegen,get
blut,blood
ehrlich,honest
eltern,parents
scheint,appears
herz,heart
jack,Jack
glücklich,happy
alte,old
alt,old
bleib,stay
wiedersehen,reunite
frei,free
wen,whom
drauf,on it
möglich,possible
irgendwie,somehow
reicht,suffices
fest,firmly
besten,best
waffe,weapon
kaum,barely
irgendwas,anything
klingt,sounds
platz,place
brauchst,needs
rede,speech
papa,father
falsch,incorrect
sondern,rather
alten,old
nummer,number
früher,earlier
jungen,boys
wohin,where
außer,except
früh,early
setzen,set
zuerst,first
wahrscheinlich,probably
dürfen,may
jede,every
arsch,ass
telefon,phone
tue,do
kennst,know
willkommen,welcome
plan,plan
großen,huge
retten,rescue
hierher,here
wär,would be
bring,bring
fehler,mistake
wollt,want
dollar,dollar
zehn,ten
allem,all
pass,passport
nächste,next
stunde,hour
hände,hands
gegeben,given
menge,crowd
langsam,slow
bereits,already
wartet,waiting
sechs,six
lieben,love
meines,mine
büro,office
nächsten,next
gebe,gift
wochen,weeks
ruf,call
schaffen,create
leider,unfortunately
scheiß,shit
hölle,hell
trotzdem,despite it
doktor,doctor
tja,well
new,new
voll,full
film,Movie
überall,everywhere
hund,dog
geworden,become
direkt,direct
wolltest,wanted
tat,did
denkt,thinks
schiff,ship
neues,new
wem,whom
könig,king
danach,thereafter
funktioniert,functions
hattest,hate
lernen,learn
deswegen,because of this
wow,Wow
nennen,to name
hm,Hm
feuer,fire
laufen,run
alleine,alone
erinnern,remember
völlig,fully
kleines,small
könnt,can
stelle,Job
kumpel,Dude
verlieren,lose
probleme,problems
spricht,speaks
kaffee,coffee
luft,air
fand,found
i,I
entschuldige,sorry
ziehen,pull
verschwinden,disappear
könntest,might
seht,look
aufhören,stop
eigenen,own
richtige,right one
unserem,ours
suche,search
zwar,that is
groß,large
hol,brow
buch,book
krank,sick
fühle,feel
jedes,every
verstehst,understand
wert,value
arzt,physician
froh,glad
versuche,try
straße,street
rufen,call
heiraten,marry
super,Excellent
sam,sam
lebt,lives
gutes,good
lasse,let
onkel,uncle
total,total
gebracht,brought
party,party
erklären,explain
spielt,plays
wahl,choice
vertrauen,trust
damals,at that time
tagen,days
leicht,light
nachdem,after
gegangen,gone
gefühl,feeling
kaufen,buy
geschafft,done
typen,guy
interessiert,interested
möchten,want
halte,hold
hält,holds
glaub,belief
irgendwo,somewhere
stück,piece
genauso,just as
kennt,knows
genommen,taken
zukunft,future
weniger,fewer
cool,cool
licht,light
getroffen,met
himmel,heaven
nachricht,news
drüben,over there
passt,fits
sagten,said
kümmern,take care
laut,loud
vergiss,forgetful
angerufen,called
sitzen,sit
daß,that
erde,earth
großer,greater
schlüssel,key
rest,rest
passieren,happen
eher,rather
gefragt,asked
gefängnis,jail
opfer,victim
körper,body
solche,such
mist,damn
mr,mr
findet,find
schreiben,write
böse,evil
gesprochen,spoken
versuch,attempt
vorstellen,introduce
wovon,About what
sobald,as soon as
nochmal,again
herren,Men's
sex,sex
waffen,weapons
wohnung,apartment
weh,sore
heißen,be called
krankenhaus,hospital
bringe,bring
höre,listen
millionen,millions
klasse,class
hart,hard
worden,gone
sinn,sense
außerdem,aside from that
verletzt,injured
ändern,change
erfahren,experience
tragen,carry
wenigstens,at least
vorsichtig,cautious
daddy,daddy
stolz,proud
stark,strong
fällt,fall
möchtest,want
leuten,people
besonders,particularly
schöne,lovely
schicken,send
person,person
schätze,appreciate
solange,as long as
länger,longer
großartig,great
lacht,laughs
anrufen,call
stand,was standing
redest,speech
fühlen,feel
erwartet,expected
boden,floor
boss,boss
stimme,agree
glaubt,believes
still,quiet
sicherheit,security
setz,setting
ma,MA
mund,mouth
kämpfen,battle
wisst,know
lachen,laugh
hörst,hear
zeug,things
lustig,funny
umbringen,kill
sollst,thorough
hasse,hate
schlimm,terrible
o,O
unglaublich,incredible
wärst,be
laden,load
führen,lead
gestorben,died
schauen,look
meinung,opinion
lesen,read
mörder,murderer
frank,frank
ähm,um
geschehen,happen
geschäft,business
idiot,idiot
verzeihung,forgiveness
fliegen,fly
zeig,show
team,team
general,general
mike,Mike
aufs,onto
york,York
vorher,previously
schluss,ending
schneller,more quickly
liebt,loved
verdient,earned
mögen,like
meisten,most
denk,think
umgebracht,killed
perfekt,perfect
versprochen,promised
handy,mobile
hinten,rear
monate,months
erinnere,remind
acht,eight
arbeitet,is working
fallen,fall
rufe,calls
nötig,necessary
a,A
mord,murder
heraus,out of here
tages,day
unmöglich,impossible
liebling,darling
charlie,Charlie
tatsächlich,actually
folgen,consequences
bitten,ask
behalten,keep
nähe,vicinity
arbeite,work
joe,Joe
verdammte,damn
plötzlich,suddenly
lebens,life
hole,hole
tisch,table
michael,Michael
hörte,heard
jemals,ever
liegen,lay
verkaufen,sell
gefährlich,dangerous
anfangen,begin
bekommt,receives
machte,made
ha,Ha
hotel,hotel
hilft,helps
werdet,become
meister,master
kampf,battle
antwort,answer
konnten,could
geschickt,sent
jedem,each
obwohl,although
sieben,seven
komisch,funny
gewinnen,win
ihres,hers
bezahlt,paid
you,You
voller,full of
unterwegs,on the way
dumm,dumb
ärger,aggravation
bild,picture
george,George
neu,new
bezahlen,pay
dagegen,against it
seien,be
starb,died
tom,Tom
monaten,months
leiche,corpse
niemanden,nobody
auge,eye
arschloch,asshole
verheiratet,married
peter,Peter
zieh,pull
nimmt,takes
gerettet,rescued
agent,agent
traum,dream
entscheidung,decision
schlimmer,worse
regeln,regulate
fenster,window
fangen,catch
fort,on
ständig,constant
findest,find
gefahr,danger
absolut,absolutely
mary,Mary
augenblick,moment
bescheid,notice
rum,rum
gedanken,thoughts
werd,werry
ziel,goal
benutzt,used
bewegung,movement
jemandem,someone
wünschte,wish
worte,words
kamen,came
welcher,which
zahlen,pay
anfang,beginning
legen,place
erinnerst,reminded
anwalt,attorney
fahr,driving
sitzt,sitting
hilf,help
offen,open
schönen,beautiful
monsieur,Monsieur
müsste,should
arme,poor
bier,beer
fürs,for
partner,partner
klein,small
david,David
klappe,flap
süß,sweet
herum,around
finger,finger
ehe,before
rolle,role
ließ,left
gleiche,same
monat,month
hochzeit,wedding
max,Max
führt,leads
paris,Paris
wach,awake
wozu,for what reason
arm,poor
geschrieben,written
chef,boss
benutzen,use
informationen,information
erledigt,completed
hoffentlich,hopefully
müsst,must
fühlt,feels
tanzen,dance
ansehen,view
darfst,may
zuhause,at home
wunderbar,wonderful
hältst,hold
reise,trip
gewonnen,won
dame,lady
irgendwann,sometime
chffffff,CHFFFFFF
alex,Alex
steckt,plugged
jedenfalls,anyway
schreit,cries
tolle,great
rüber,over
tschüss,bye
nennt,calls
raum,space
heiß,hot
foto,photo
kalt,cold
paul,Paul
irgendetwas,anything
weile,while
bisher,until now
minute,minute
unbedingt,absolutely
zug,train
sekunden,seconds
wofür,for what
erzähl,tell
nen,nen
beweise,proofs
nahm,took
aller,all
freut,happy
seele,soul
schießen,shoot
müde,tired
dauert,lasts
magst,like
harry,Harry
brief,letter
gelernt,learned
sucht,seeks
bekannt,known
weitere,more
unfall,accident
dahin,then
kontrolle,control
beispiel,example
lady,lady
dasselbe,the same thing
herzen,heart
schlagen,hit
wütend,angry
weise,way
damen,ladies
darin,in this
gottes,God
holt,get
fehlt,missing
vorsicht,caution
heiße,name is
beweisen,prove
gehabt,had
zumindest,at least
vermisst,missing
hübsch,pretty
kriegt,gets
verbindung,connection
tief,deep
richtung,direction
lage,location
sowieso,anyway
kraft,power
normal,normal
lauf,run
ehre,honor
stell,stall
geschenk,gift
bar,bar
tasche,bag
gelesen,read
gekauft,bought
wussten,knew
gestohlen,stolen
hunger,hunger
leg,leg
lügen,lie
beziehung,relationship
ben,ben
verschwunden,disappeared
steh,standing
nächstes,next
gearbeitet,worked
preis,price
witz,joke
meinte,meant
liste,list
geist,spirit
neben,next to
gesucht,wanted
firma,company
süße,sweetness
rücken,back
schrecklich,terrible
letzter,last
verliebt,in love
öffnen,open
redet,talking
boot,boat
seltsam,strange
versteckt,hidden
fürchte,fear
verschwinde,disappear
erwischt,caught
verkauft,sold
tante,aunt
erwarten,expect
pferd,horse
wunder,wonder
sauer,sour
vermutlich,allegedly
näher,closer
major,major
jung,young
majestät,majesty
aussehen,look
ans,ans
de,de
and,and
links,Left
großes,big
welches,which
beschützen,to protect
geboren,born
erreichen,to reach
punkt,point
kindern,children
kirche,church
verraten,betrayed
selber,himself
befehl,command
colonel,colonel
fährt,moves
zieht,pull
geburtstag,birthday
haut,skin
wette,bet
reich,rich
sekunde,second
fahre,drive
schwöre,swear
geredet,talked out
james,James
madame,Madame
eigene,own
zeiten,times
traurig,sad
anruf,call
nachrichten,news
frieden,peace
karte,map
güte,quality
euren,yours
diesmal,this time
schade,Pity
persönlich,personal
kriege,wars
stirbt,dies
bleibe,stay
verändert,changed
sonne,sun
lieb,dear
nämlich,namely
letztes,last
bekam,got
ruft,calls
professor,professor
gericht,court
nase,nose
ewig,forever
singen,to sing
bank,Bank
beschäftigt,busy
computer,computer
yeah,yeah
toten,kill
weihnachten,Christmas
offensichtlich,apparently
naja,Oh well
henry,henry
gefühle,feelings
fuß,foot
show,show
überraschung,surprise
geheimnis,secret
fbi,FBI
kontakt,Contact
gold,gold
drogen,drugs
regierung,government
wein,wine
kriegst,get
ermordet,murdered
fotos,photos
entfernt,removed
geschlafen,slept
manche,some
erledigen,complete
ran,ran
gegenüber,opposite
schlaf,sleep
lust,desire
wunderschön,beautiful
witzig,funny
nick,nick
zerstört,destroyed
übrigens,by the way
willen,sake
heim,home
richtigen,right
deines,yours
namens,called
zeigt,shows
geliebt,loved
gehören,belong
brachte,brought
herrn,Mr
blick,view
besuch,visit
schlechte,bad
bewegen,move
haare,hair
antworten,answer
präsident,president
sagtest,says
hoffnung,hope
stecken,put
lebe,live
rechts,right
interessant,Interesting
entscheiden,decide
miteinander,each other
meint,means
liebst,loving
indem,by
bleibst,stay
kümmere,care
wohnen,reside
weder,neither
möglichkeit,possibility
kaputt,broken
bekomme,Get
flugzeug,airplane
vergangenheit,past
anderer,another
zweite,second
armee,army
jim,Jim
tee,tea
entweder,either
weiss,white
don,Don
detective,detective
aufhalten,stop
stellt,places
verspreche,promise
überrascht,surprised
sauber,clean
hau,hood
mark,mark
schlag,punch
sheriff,sheriff
untertitel,subtitle
setzt,puts
frag,question
vaters,father
nervös,nervous
gesellschaft,company
verstecken,hide
schuldig,guilty
hals,neck
schützen,protect
besuchen,visit
of,of
passen,fit
überleben,survive
erhalten,receive
teilen,split
gebäude,building
schicksal,fate
zeichen,sign
richter,judge
besorgt,worried
küche,kitchen
lief,ran
vergnügen,enjoyment
wüsste,desire
volk,people
lhr,LHR
herausfinden,find out
königin,queen
soldaten,soldiers
feiern,celebrate
situation,situation
lag,lag
gelassen,calmly
allerdings,however
soweit,so far
gefahren,driven
verstand,understanding
bord,board
schönes,nice
jimmy,Jimmy
billy,Billy
angefangen,begun
lee,lee
fühlst,feel
bob,bob
mussten,had to
rat,advice
worauf,whereupon
gebeten,requested
tony,tony
kamera,camera
achtung,danger
lieutenant,lieutenant
ganzes,whole
schuhe,shoes
sarah,Sarah
glückwunsch,congratulations
niemandem,no one
gibst,give
statt,instead of
übernehmen,take over
gegend,area
wald,forest
al,al
la,la
nimmst,take
danny,Danny
erkennen,recognize
glas,glass
falsche,false
verantwortlich,responsible
jesus,Jesus
stöhnt,groaned
herein,in
kleid,a dress
zerstören,destroy
jawohl,yes indeed
london,London
gegessen,eaten
abendessen,dinner
gesetz,law
gemeinsam,together
geholfen,helpful
erster,first
wohnt,lives
schritt,step
guck,look
nahe,vicinity
aussieht,looks
beginnen,begin
dachten,thought
band,tape
ungefähr,approximately
aufgabe,task
neun,nine
furchtbar,terrible
drinnen,inside
zuvor,before
charles,Charles
freue,am happy
amerika,America
übrig,left over
spur,track
falschen,false
sergeant,sergeant
melden,report
helfe,help
werfen,throw
bill,bill
haltet,hold
erinnert,remind
hängt,hangs
freude,joy
ehemann,husband
erschossen,shot
verzeihen,pardon
schwein,pig
uh,uh
monster,monster
entschieden,decided
mission,mission
verdammten,damn
brauch,custom
gewusst,known
vorne,in front
stopp,stop
übel,bad
schlampe,slut
schöner,more beautiful
adresse,address
unsinn,nonsense
messer,knife
gesund,healthy
respekt,respect
pro,Per
leisten,afford
davor,before
richard,Richard
bedeuten,mean
ball,ball
mitnehmen,take along
gespielt,played
to,to
schwierigkeiten,difficulties
hälfte,half
kannte,knew
stehe,standing
maria,Maria
planeten,planet
schwanger,pregnant
gruppe,group
anna,Anna
verhaftet,arrested
deal,deal
seines,his
irgendwelche,any
händen,hands
versteht,understands
drehen,turn
eis,ice
danken,to thank
erfolg,success
zufrieden,satisfied
schließen,close
besorgen,obtain
wochenende,weekend
worüber,about what
stimmen,voices
nehmt,take
martin,Martin
m,M
witze,jokes
beine,legs
verbrechen,crime
bericht,report
nachts,at night
eurer,your
prinzessin,princess
schmerz,pain
klingelt,rings
position,position
echte,real
gleichen,resemble
fernsehen,TV
wünsche,wishes
schließlich,finally
gefangen,caught
schätzchen,baby
seh,see
schwierig,difficult
angebot,offer
nah,close
jane,Jane
gewartet,waited
kümmert,takes care
ring,ring
rennen,run
lied,song
eier,egg
welchen,which
sorry,sorry
fantastisch,fantastic
schaut,looks
hielt,held
falle,cases
drink,drink
insel,island
dauern,last
daher,therefore
zufällig,randomly
dorf,village
clark,Clark
bewegt,emotional
mitten,in the middle
bullen,cops
feind,enemy
einverstanden,agreed
neuer,newer
bauen,build
trägt,carries
hängen,hang
freunden,friends
deren,whose
halb,half
verpasst,lost
sprach,speech
leise,quiet
armen,arm
wusstest,chewing test
fanden,found
unternehmen,company
träume,dreams
schläft,is sleeping
kostet,costs
spiele,gaming
unseres,ours
entlang,along
johnny,Johnny
versprechen,promise
tiere,animals
freiheit,freedom
verdienen,earn
aha,Aha
unterhalten,entertain
eingeladen,invited
schaden,damage
genannt,called
beenden,finish
ray,ray
geändert,changed
thomas,Thomas
lächerlich,ridiculous
geschlagen,beaten
park,park
schätzen,treasure
männern,male
t,T
beginnt,begins
ehren,to honor
größte,greatest
energie,energy
fleisch,meat
besonderes,special
besteht,consists
reichen,are sufficient
robert,Robert
zeitung,newspaper
worum,what
nachgedacht,thoughtful
betrunken,drunk
sowas,like this
patienten,patient
gespräch,conversation
leiden,Suffer
taxi,taxi
tötet,killed
see,lake
unterschied,difference
wind,wind
singt,sings
schreien,scream
daniel,Daniel
sahen,saw
wand,wall
bus,bus
lhre,lhre
angriff,attack
verhalten,behave
loch,hole
interesse,interest
treten,step
quatsch,nonsense
trifft,meets
polizist,police officer
blumen,flowers
neuigkeiten,news
bringst,brings
flasche,bottle
rief,called
schuss,shot
fassen,grasp
meer,sea
konntest,can
schafft,creates
maschine,machine
spreche,speak
bein,leg
eddie,Eddie
bekommst,get
verbringen,spend
bücher,Books
blöd,stupid
frühstück,breakfast
tommy,Tommy
meter,meter
bilder,pictures
aufpassen,watch out
claire,claire
dessen,whose
muß,must
freuen,be happy
engel,Angel
offenbar,apparently
gelegenheit,opportunity
fang,catch
lüge,lie
ohren,ears
au,au
angetan,impressed
beeil,hurry
brechen,break
brüder,brothers
zeitpunkt,time
keinem,none
ecke,corner
brücke,bridge
druck,pressure
mitgebracht,brought
seufzt,sigh
date,date
haufen,heap
oma,granny
auftrag,order
leer,empty
entkommen,escape
bobby,Bobby
weißen,white
lösung,solution
wart,wart
pause,Break
irre,crazy
gestellt,placed
keller,"basement, cellar"
gebrochen,Broken
weinen,cry
nutzen,to use
wünschen,wish
fragt,asks
maul,mouth
verantwortung,responsibility
schloss,lock
hut,cap
lächeln,smile
ryan,ryan
red,red
grad,Degree
zweiten,second
hinaus,out of
mitkommen,come along
vorhin,earlier
fahrt,drive
gemeint,meant
ernsthaft,seriously
gebaut,built -up
bombe,bomb
hasst,hate
versteh,understand
kosten,cost
zeige,show
traf,met
eigenes,own
haar,hair
fragte,asked
jason,Jason
operation,surgery
befehle,commands
schmerzen,pains
erklärt,explained
steve,Steve
dach,roof
folge,consequence
gelaufen,ran
schwarze,black
dankbar,thankful
gehirn,brain
töte,killing
mädels,girls
mut,courage
heilige,holy
laura,Laura
tier,animal
system,system
mannes,man
wahnsinn,craziness
nee,no
rose,rose
club,club
geschlossen,closed
hintern,butt
is,is
thema,theme
fiel,fell
gehalten,held
dorthin,there
urlaub,vacation
steig,climb
vorwärts,forward
überprüfen,check
besseres,better
beweis,proof
baum,tree
gebt,giving
funktionieren,function
anscheinend,apparently
lehrer,teacher
hoffen,hope
bessere,better
isst,eats
nachmittag,afternoon
nem,nem
risiko,risk
chuck,chuck
knast,jail
entschuldigt,sorry
gilt,applies
held,hero
daraus,from this
erstes,first
fräulein,young lady
rachel,wing
prima,fine
brauchte,needed
gewalt,force
dean,dean
liebes,Dear
schaffst,manage
nachdenken,ponder
tor,goal
erfahrung,experience
pläne,plans
jagen,to hunt
katze,cat
runde,round
deutsche,German
schwanz,tail
taten,act
lord,lord
dringend,urgent
commander,commander
großvater,grandfather
sommer,summer
gezeigt,shown
hinterlassen,leave behind
gewissen,conscience
getrunken,drunk
wahre,real
luke,hatch
kunden,customers
kate,Kate
zeugen,witness
geplant,planned
amanda,amanda
erreicht,reached
stören,disturb
stein,stone
atmen,breathe
hose,trousers
weiße,white
sprichst,speak
größer,greater
schickt,sends
city,City
prinz,prince
behandelt,treated
tote,dead
überlegen,superior
karten,cards
it,IT
d,D
restaurant,restaurant
welchem,which
roger,Roger
natur,nature
carter,carter
emily,Emily
mami,mommy
verschwindet,disappears
lautet,is the case
streit,dispute
küssen,kiss
sprich,speaking
längst,a long time ago
fängt,catches
drüber,over it
gingen,went
erlaubt,allowed
einzigen,single
bad,bath
schmeckt,tastes
kugel,bullet
normalerweise,normally
schwarzen,black
rauf,up
flug,flight
beruhigen,calm
walter,Walter
halbe,half
dan,Dan
geschieht,happens
einiges,some
entdeckt,discovered
morgens,In the morning
schlechter,worse
vollkommen,completely
gelogen,lied
verfolgt,tracked
college,college
weiteren,further
chris,chris
louis,louis
eh,eh
schwert,sword
hunde,dogs
steigen,climb
verdammter,damn
dürfte,should
riecht,smells
labor,laboratory
bat,bat
tim,Tim
arthur,Arthur
mindestens,at least
fisch,fish
eurem,of your
füße,feet
stehst,stand
erschießen,shoot
kuchen,cake
versuchte,tried
zustand,condition
wunsch,wish
gäste,Guests
erwähnt,mentioned
farbe,color
van,van
einigen,agree
zufall,coincidence
garten,garden
junger,younger
autos,cars
abgesehen,beyond
fair,fair
vertraut,trusted
koffer,suitcase
hieß,was called
kurs,course
wirkt,acts
idioten,idiot
netter,nicer
seitdem,since
angegriffen,attacked
geschichten,stories
wahnsinnig,insane
ähnlich,similar
lily,lily
aufgeben,give up
england,England
entführt,kidnapped
ms.,MS.
mistkerl,riots
solchen,such
ner,ner
geschossen,shot
lager,camp
besprechen,discuss
reihe,row
polizisten,police officers
vogel,bird
legt,places
strand,beach
amerikaner,American
schwarz,black
fern,remote
fick,fuck
scherz,hoax
san,San
erzählte,told
wichser,wanker
jake,jake
langweilig,boring
womit,by which
geschäfte,businesses
my,my
kapiert,Got it
nachher,afterward
verlangt,required
schlägt,beats
überzeugt,convinced
irgendjemand,Someone
rot,red
soldat,soldier
vorbereitet,prepared
geschah,happened
reisen,travel
termin,meeting
gang,corridor
stehlen,steal
rechte,right
rache,revenge
bemerkt,noticed
frankreich,France
stört,disturbs
radio,radio
beruhige,calm down
pferde,horses
vertrag,contract
arbeitest,worker
dienst,service
zählt,counts
fragst,asking
wesen,beings
bürgermeister,mayor
emma,Emma
fluss,flow
woran,what
geblieben,remained
durcheinander,mixed up
me,me
ted,ted
nette,nice
test,test
mister,Mister
dadurch,through this
direktor,director
wichtiger,more important
kevin,Kevin
scott,scott
karriere,Career
akte,file
erinnerung,memory
großmutter,grandmother
erzähle,tell
lösen,solve
bravo,Bravo
griff,handle
verfolgen,track
zweifel,doubt
such,search
sprache,language
nerven,annoy
officer,officer
andy,Andy
langer,longer
ziehe,pull
entlassen,dismissed
zweimal,twice
abholen,pick up
washington,Washington
kollegen,colleagues
doc,Doc
fass,barrel
szene,scene
robin,Robin
scheinen,seem
bösen,nourish
schaffe,creative
pflicht,duty
wache,guard
neulich,recently
beeilen,hurry up
knie,knee
alice,Alice
lauter,volume up
spannende,exciting
unschuldig,innocent
folgt,follows
schutz,protection
weshalb,for what reason
geheiratet,got married
woanders,somewhere else
wurdest,was established
kuss,kiss
verhindern,impede
erklärung,explanation
video,Video
rom,Rome
klug,smart
kräfte,forces
verlangen,demand
außerhalb,outside
opa,Grandpa
selbstverständlich,of course
aufstehen,stand up
hassen,to hate
pete,pet
gebrauchen,use
geglaubt,believed
milch,milk
trink,drink
gefeuert,fired
erinnerungen,memories
müssten,would have to
suchst,look for
fährst,ferry
kochen,cook
schwach,weak
schreibt,writes
schulden,debts
hinein,in
simon,Simon
grenze,border
braut,bride
gebraucht,needed
peinlich,awkward
klappt,works
geheimnisse,secrecy
joey,joey
aufmerksamkeit,attention
form,shape
umsonst,for free
kennenzulernen,get to know
überlebt,survived
nirgendwo,nowhere
meilen,miles
einfacher,easier
blöde,stupid
mond,moon
ergibt,results in
daten,data
merken,notice
schande,shame
fuck,fuck
fühlte,felt
jenny,Jenny
sieg,victory
satt,Fed up
blödsinn,nonsense
adam,Adam
lisa,lisa
pfund,Pound
handeln,act
lois,loan
enden,end up
warm,warm
raten,guess
übersetzung,translation
kunst,art
kapitän,captain
desto,the more
einsatz,mission
schweigen,be silent
krankheit,illness
toller,great
schatten,shadow
wachen,wake up
tatsache,fact
eric,Eric
stock,floor
chief,chief
hingehen,go there
verboten,forbidden
gäbe,gave
anzug,men's suit
leichen,corpses
high,high
beendet,completed
freitag,Friday
million,million
verflucht,cursed
dunkel,dark
geb,born
enttäuscht,disappointed
klopfen,beat
spuren,sense
dreck,dirt
seiten,pages
mühe,effort
gezogen,pulled
brian,Brian
kontrollieren,check
knochen,bone
schick,chic
getrennt,separated
programm,program
grab,dig
ebenso,as well
trage,sluggish
nachbarn,neighbors
bieten,offer
bestes,best
elizabeth,Elizabeth
fuhr,drove
verlässt,leaves
freundlich,friendly
dennoch,nonetheless
rauchen,smoke
dick,thick
stuhl,chair
dreh,rotation
bester,best
schicke,chic
vergeben,forgive
ausgehen,go out
behandeln,treat
trotz,despite
gast,guest
ändert,changes
passierte,passed
toilette,Toilet
annehmen,assume
herzlichen,cordial
hexe,witch
erwachsen,adult
jerry,Jerry
pistole,gun
saß,sat
dreht,turns
aussage,expression
liebte,loved
street,street
genießen,enjoy
eifersüchtig,jealous
derjenige,the one
teuer,expensive
leo,Leo
zähne,teeth
beobachtet,observed
gentlemen,gentlemen
wählen,choose
helft,help
fliegt,flies
theater,theatre
regen,rain
feinde,enemies
william,William
erlauben,allow
zulassen,allow
schnappen,snap
komplett,completely
panik,panic
flughafen,airport
bewusst,consciously
deutschen,German
voraus,in advance
sterbe,die
solltet,should
begleiten,accompany
einander,each other
fred,fred
erlebt,experienced
weiterhin,furthermore
stärker,stronger
fahrer,driver
konzentrieren,focus
streiten,argue
angeht,matters
selben,the same
star,star
überzeugen,convince
alkohol,alcohol
übersetzt,translated
verrückte,crazy
lch,lch
king,king
begann,started
angenommen,assumed
weitermachen,keep going
echter,real
jackson,Jackson
post,post
mitgenommen,withdrawn
botschaft,message
ideen,ideas
fehlen,miss
aufgeregt,upset
selbstmord,Suicide
dumme,stupid
zurückkommen,Come back
irgendein,any
magie,magic
phil,phil
schlage,stroke
handelt,act
treffe,meet
untersuchen,investigate
flucht,escape
verliert,losing
irgendeine,any
gegenteil,opposite
betrifft,regards
scharf,sharp
gehofft,hoped
kennengelernt,met
schlimmste,worst
projekt,Project
trottel,Fool
immerhin,anyway
mehrere,several
erwarte,expect
mochte,want
schwimmen,to swim
zählen,to count
innerhalb,within
matt,frosted
blind,blind
schwestern,sisters
code,code
alan,alan
schlau,clever
absicht,intention
barry,barry
spielst,play
zuletzt,last
oliver,Oliver
art.,Art.
englisch,English
ohr,ear
verletzen,injure
song,song
schüler,pupils
schien,seem
gewinnt,wins
älter,older
merkwürdig,unusual
judy,Judy
vermisse,miss
größe,size
tritt,kick
trauen,trust
präsidenten,president
trick,trick
harvey,Harvey
doug,though
roten,redden
überlegt,careful
größten,biggest
sonntag,Sunday
zwölf,twelve
vorstellung,performance
schrieb,wrote
reinkommen,get in
killer,killer
unterstützung,support
antun,do
rechnung,invoice
dieselbe,the same
verändern,change
möglicherweise,possibly
definitiv,definitely
locker,relaxed
ed,Ed
vincent,vincent
ums,around
abends,at evening
frisch,fresh
kohle,money
fing,caught
hure,whore
cousin,cousin
familien,Familys
einsam,lonely
lebendig,lively
heiligen,sacred
knapp,meager
ebenfalls,also
überprüft,checked
artikel,article
gesetzt,set
jederzeit,at any time
kompliziert,complicated
spüren,sense
signal,signal
amy,Amy
stich,Sting
kino,movie theater
probieren,try out
tode,Deaths
wundervoll,wonderful
tanz,dance
geöffnet,open
kerle,guy
begraben,to bury
prozent,percent
stoppen,to stop
hoheit,sovereignty
riesen,Giants
rote,Red
zugang,access
liest,reads
vorn,front
wichtige,important
aufmachen,open up
kelly,Kelly
sexy,sexy
erlaubnis,permission
grace,grace
big,big
story,story
madam,madam
leichter,lighter
halben,half
filme,films
priester,priest
herauszufinden,find out
packen,pack
dritte,third
inzwischen,in the meantime
larry,larry
presse,Press
sitze,seats
machten,made
geklaut,Stolen
helden,hero
susan,Susan
geduld,patience
bühne,stage
reparieren,repair
hä,huh
usa,USA
gerechtigkeit,justice
fälle,cases
selten,rarely
anrufe,Calls
unterschreiben,sign
julia,Julia
drücken,press
mrs,MRS
lügner,liar
endet,ends
dave,Dave
medizin,medicine
schreibe,write
verhaften,to arrest
prozess,process
samstag,Saturday
amen,Amen
motor,engine
marie,Marie
abhauen,run away
chaos,chaos
schönheit,beauty
beinahe,nearly
lebst,live
tolles,great
anhalten,stop
fremden,strange
hof,court
akzeptieren,accept
norden,north
ärzte,doctors
anziehen,put on 
dingen,things; matters
umgehen,evade
bauch,belly
gesamte,entire
hübsche,pretty
ertragen,bear
kiste,box
brennt,burning
teile,parts
deckung,cover
landen,land
berg,mountain
straßen,street
aufgenommen,recorded
gerufen,called
untersuchung,investigation
alarm,alarm
blieb,remained
vertraue,trust
extra,extra
entspann,relaxed
beobachten,observe
eindruck,impression
tschüs,bye
babys,Babies
wehtun,hurt
zog,pulled
iss,eat
herrgott,god
echten,real
springen,jump
nackt,naked
existiert,existed
befreien,to free
gerät,device
montag,Monday
gezwungen,forced
perfekte,perfect
erzählst,telling
bastard,bastard
interessieren,interest
schlechten,bad
hank,hank
steigt,increases
st.,st.
on,on
carl,carl
gekriegt,scratched
fliehen,flee
trug,wore
freundschaft,Friendship
rate,rate
papiere,papers
abgeschlossen,completed
schnauze,snout
beruf,profession
gebiet,area
jeff,Jeff
jedoch,however
beten,pray
verbunden,tied together
sprachen,languages
verräter,traitor
wichtigste,most important
prost,Bottom up
brust,breast
aufgehört,stopped
kleider,dresses
jacke,jacket
bestellt,ordered
herkommen,come here
wild,wild
nenne,call
angesehen,viewed
zuhören,listen
trennen,separate
schlafzimmer,bedroom
vorschlag,suggestion
meins,mine
gift,poison
ton,volume
vermissen,miss
angekommen,arrived
beantworten,answer
deutlich,clearly
träumen,dream
verwirrt,confused
akten,files
riskieren,take risk
b,B
victor,Victor
find,find
erkannt,recognized
beerdigung,burial
müll,garbage
weisst,know
möge,may
stellte,stood
mitte,center
erleben,experience
geburt,birth
decke,ceiling
ch00ffff,ch00ffff
wege,ways
schritte,steps
gibts,is there
gemeldet,reported
hilfst,help
mittagessen,lunch
weint,cries
vernichten,destroy
rock,skirt
chicago,Chicago
ellen,ellen
crew,crew
roy,roy
türen,doors
gewehr,gun
elena,Elena
arbeitete,worked
spiegel,mirror
hauen,hit
geraten,devices
dritten,third
ross,Horse
julie,Julie
wetter,weather
schwul,gay
regel,rule
befindet,located
einheit,unit
german,German
armer,poor
gucken,look
anstatt,instead of
champagner,champagne
gründe,reasons
strafe,penalty
smith,Smith
öfter,more often
anne,Anne
zelle,cell
langen,long
altes,old one
ruiniert,ruined
jonathan,Jonathan
kleidung,clothing
gras,grass
kenn,recognition
agenten,agent
herausgefunden,found out
annie,Annie
rechten,right
brot,bread
berlin,Berlin
erfreut,delighted
lügt,lies
nehm,take
harte,hardness
staaten,states
station,station
gaben,gifts
hinterher,after
verpassen,miss
geholt,fetched
jesse,Jesse
hemd,shirt
trinke,drink
klären,clear up
praktisch,practical
theorie,theory
zunge,tongue
notfall,emergency
besseren,better
winter,winter
c,C
versuchst,attempted
dahinter,behind it
schwere,severity
feuern,to fire
lucy,Lucy
schießt,shoot
anführer,leader
schief,wrong
blau,blue
bestens,best
wartest,waiting
gehts,go
morgan,Morgan
unrecht,wrong
leck,leak
wonach,what
entwickelt,developed
bedeutung,meaning
strom,electricity
krebs,cancer
gemein,mean
wessen,whose
minister,minister
lhnen,wage
quelle,source
zahl,number
schiffe,Ships
schüsse,shots
bricht,breaks
talent,talent
spitze,great
fernseher,TV
treiben,to drive
ausgezeichnet,excellent
tatort,crime scene
möglichkeiten,possibilities
trinkt,drink
esse,eat
cop,cop
details,details
täter,perpetrator
wahren,faith
dieb,thief
offiziell,officially
dienen,serve
westen,west
entscheidungen,decisions
dauernd,constant
geschmack,taste
gegenseitig,each other
gewählt,chosen
charlotte,Charlotte
pech,bad luck
verteidigen,defend
schauspieler,actor
personen,persons
überlassen,leave
publikum,audience
trägst,wearing
wechseln,change
begegnet,met
betrogen,cheated
besucht,visited
vertrau,confidence
europa,Europe
carrie,carrie
patrick,Patrick
deutschland,Germany
süßer,cutie pie
loswerden,Get rid of
melde,report
maggie,Maggie
bestätigt,confirmed
gas,gas
sturm,storm
setze,setting
briefe,letters
null,zero
penny,penny
schlafe,sleep
wirken,works
geführt,guided
starten,start
götter,gods
festhalten,hold onto
geheim,secret
übergeben,hand over
cia,CIA
abteilung,department
papier,paper
wetten,betting
gefolgt,followed
verschiedene,different
gleichzeitig,at the same time
genie,genius
hungrig,hungry
inspektor,inspector
zwingen,force
atmet,breath
kuh,cow
unterstützen,support
geworfen,thrown
verlor,lost
süden,south
pater,faster
menschheit,humanity
versteck,hiding place
tötete,killed
fähigkeiten,skills
beruhigt,calmed down
rechtzeitig,punctual
streng,strictly
sendung,broadcast
gelebt,lived
treppe,stairs
kim,kim
richtiger,more correctly
aufnehmen,to record
wolf,wolf
pa,Pa
öffnet,opens
dämon,demon
wut,fury
schlange,snake
medikamente,medication
geschenkt,gifted
nenn,call
gelegt,placed
anfassen,touch
pizza,Pizza
schlechtes,bad
hütte,hut
mantel,a coat
behauptet,alleged
kilometer,kilometre
beeilung,hustle and bustle
angeblich,allegedly
reiten,ride
helen,Helen
mittag,midday
gewarnt,warned
wohne,live
las,read
dunkelheit,Darkness
spazieren,stroll
angel,fishing rod
hiermit,herewith
schließt,closes
phoebe,phoebe
vieles,a lot
erfüllt,Fulfills
tausend,thousand
sack,bag
eindeutig,clearly
unterhaltung,entertainment
gründen,found
km,km
zugeben,admit
mittel,medium
explosion,explosion
gefangenen,prisoner
taylor,Taylor
frische,freshness
verdächtigen,suspect
neugierig,curious
leitung,line
kennenlernen,get to know
fliege,Fly
lebte,lived
menschliche,human
anderem,other
auseinander,apart
fressen,eat
beides,both
ficken,fuck
stoff,material
spüre,feel
eilig,hurry
stammt,comes
vorgestellt,presented
linda,Linda
welch,what
wichtiges,important
no,NO
gehörte,heard
mhm,mhm
glaubte,believed
oberst,colonel
schrank,wardrobe
fremde,stranger
gnade,grace
chloe,chloe
yo,yo
entspannen,relax
virus,virus
schläfst,asleep
einladung,invitation
krieger,warrior
vernünftig,reasonable
fein,fine
greifen,grab
whoa,whoaa
kyle,kyle
schickte,sent
per,by
mitglied,member
einziger,only
umzubringen,kill
zurückkehren,to return
feld,field
mexiko,Mexico
erschaffen,create
information,information
hergekommen,came here
beweg,movement
stärke,strength
vermögen,assets
verbracht,spent
gewisse,certain
waschen,wash
howard,Howard
staat,Country
geister,ghost
behaupten,claim
schrei,Scream
würdet,would
vögel,birds
warnen,to warn
albert,albert
chancen,opportunities
treibt,drives
nannte,called
vermute,suspect
mitternacht,midnight
jones,Jones
freundinnen,girlfriend
lecker,yummy
klinik,clinic
dicht,densely
befinden,condition
ließen,leave
bürger,citizens
verursacht,caused
hammer,hammer
klang,sound
internet,Internet
aufregend,exciting
grenzen,boundaries
politik,politics
superman,superman
zurecht,rightly
besitz,possession
cops,cops
eingesperrt,locked
irren,be wrong
kommando,command
schlug,struck
krankenwagen,ambulance
love,love
öffne,open
karen,Karen
richten,judge
mademoiselle,Mademoiselle
erfunden,invented
schnee,snow
fühl,feel
behalte,keep
beschützt,protected
punkte,Points
entfernen,remove
abgehauen,escape
geträumt,dreamy
stefan,Stefan
dämonen,demons
tränen,tears
erfolgreich,successful
volle,full
wilson,Wilson
caroline,Caroline
höher,higher
happy,happy
brille,glasses
musstest,must
heimat,hometown
terry,terry
liebsten,loved one
bye,bye
leiter,director
sean,Sean
kauf,purchase
spinnst,crash
werk,plant
cent,cent
schlacht,battle
beziehungen,Relationships
abgemacht,made
schreie,scream
hmm,hmm
bestätigen,confirm
erschreckt,frightened
offizier,officer
that,that
sara,Sara
affäre,affair
empfangen,received
zweck,purpose
kämpfe,battles
ergeben,result
china,China
fange,cunning
häuser,Houses
verliere,lose
gedanke,thought
tausende,thousands
heutzutage,nowadays
gefühlt,felt
schnitt,cut
carlos,Carlos
harold,Harold
lebend,live
real,real
holz,wood
kaiser,Emperor
spielte,played
begonnen,began
ziehst,pull
gelandet,landed
scheidung,divorce
bart,beard
beschlossen,decided
klo,loo
riechen,smell
vergisst,forgets
begeistert,enthusiastic
ei,egg
durchs,through
geil,cool
nieder,low
erkläre,explain
schreckliche,terrible
beeindruckt,impressed
vince,vince
aufgegeben,given up
aufgrund,because of
momentan,at the moment
solch,such
meistens,mostly
stress,stress
sterne,Stars
heilen,heal
soviel,so much
kannten,knew
stattdessen,instead
aye,Aye
dinger,things
stimmung,mood
bulle,bull
aufgefallen,noted
kämpft,fights
geräusch,noise
künstler,Artist
wachsen,grow
verurteilt,sentenced
himmels,heaven
tyler,tyler
urteil,verdict
schweine,pigs
nettes,nice
house,house
verlust,loss
verließ,left
wirf,throw
wenige,few
willie,Willie
schulter,shoulder
kalifornien,California
lernt,learns
beigebracht,taught
normale,normal
anbieten,offer
verwenden,use
gratuliere,congratulate
fluch,curse
rick,rick
übers,about
grün,green
unterricht,instruction
dachtest,thought
verarschen,fuck
gewöhnt,used
anklage,accusation
tollen,rip
lippen,lips
fett,fat
lege,lay
feigling,coward
achten,regard
gary,Gary
erfährt,experienced
gewohnt,used
jessica,Jessica
äußerst,extremely
einladen,invite
käse,cheese
aufwachen,wake up
verfügung,disposal
uniform,uniform
zusehen,watch
board.tv4user.de,board.tv4user.de
gesundheit,health
abenteuer,adventure
hosen,pants
kurze,short
scheck,check
täglich,daily
fresse,face
übernehme,take over
wiederholen,repeat
bestellen,order
freiwillig,voluntarily
cole,cole
universum,universe
zeuge,witness
west,west
marshall,Marshall
fähig,capable
revier,territory
reifen,tires
mum,mum
führe,lead
durchgemacht,through
tests,Testing
führte,led
schenken,give
schädel,skull
realität,reality
April,April
albern,silly
brav,well-behaved
schwerer,more difficult
jagd,hunt
versagt,failed